"lister-item-index","lister-item-header","certificate","runtime","genre","rating","votes"
"1.","Stranger Things","15","60 min","Drama, Fantasy, Horror","8.7","1,327,188"
"2.","13 Reasons Why","18","60 min","Drama, Mystery, Thriller","7.5","314,321"
"3.","Orange Is the New Black","18","59 min","Comedy, Crime, Drama","8","319,342"
"4.","Black Mirror","18","60 min","Drama, Mystery, Sci-Fi","8.7","636,319"
"5.","Money Heist","15","60 min","Action, Crime, Drama","8.2","529,086"
"6.","Lucifer","15","4,393 min","Crime, Drama, Fantasy","8.1","354,155"
"7.","Narcos","15","50 min","Biography, Crime, Drama","8.8","467,909"
"8.","Daredevil","15","60 min","Action, Crime, Drama","8.6","472,940"
"9.","Sense8","15","60 min","Drama, Mystery, Sci-Fi","8.2","162,528"
"10.","Jessica Jones","15","56 min","Action, Crime, Drama","7.9","226,187"
"11.","House of Cards","18","50 min","Drama","8.6","529,463"
"12.","The End of the F***ing World","15","25 min","Adventure, Comedy, Crime","8","218,483"
"13.","Dark","15","60 min","Crime, Drama, Mystery","8.7","440,321"
"14.","Sex Education","18","60 min","Comedy, Drama, Romance","8.3","348,817"
"15.","Elite","15","60 min","Crime, Drama, Thriller","7.2","90,237"
"16.","You","15","45 min","Crime, Drama, Romance","7.7","297,650"
"17.","Chilling Adventures of Sabrina","15","60 min","Drama, Fantasy, Horror","7.4","107,853"
"18.","The OA","15","60 min","Drama, Fantasy, Mystery","7.8","115,239"
"19.","The Punisher","18","60 min","Action, Crime, Drama","8.4","263,516"
"20.","The Umbrella Academy","15","60 min","Action, Adventure, Comedy","7.9","273,779"
"21.","Iron Fist","18","55 min","Action, Adventure, Crime","6.4","139,364"
"22.","Luke Cage","15","55 min","Action, Crime, Drama","7.2","139,241"
"23.","Atypical","12","30 min","Comedy, Drama","8.2","103,009"
"24.","Big Mouth","18","30 min","Animation, Comedy, Romance","7.8","89,033"
"25.","The Rain","15","45 min","Drama, Sci-Fi, Thriller","6.3","41,355"
"26.","The Defenders","15","50 min","Action, Adventure, Crime","7.2","116,048"
"27.","The Crown","15","60 min","Biography, Drama, History","8.6","255,352"
"28.","A Series of Unfortunate Events","PG","1,164 min","Adventure, Comedy, Drama","7.7","66,482"
"29.","Insatiable","15","45 min","Comedy, Drama, Thriller","6.5","32,495"
"30.","Mindhunter","18","60 min","Crime, Drama, Mystery","8.6","333,075"
"31.","3%","15","49 min","Action, Drama, Sci-Fi","7.3","28,008"
"32.","Altered Carbon","18","60 min","Action, Drama, Sci-Fi","7.9","187,859"
"33.","The Haunting of Hill House","15","572 min","Drama, Horror, Mystery","8.6","286,535"
"34.","Santa Clarita Diet","15","30 min","Comedy, Horror","7.8","75,813"
"35.","Disenchantment","15","30 min","Animation, Action, Adventure","7.2","72,503"
"36.","BoJack Horseman","18","25 min","Animation, Comedy, Drama","8.8","186,993"
"37.","Girlboss","15","26 min","Comedy","7","19,687"
"38.","Ozark","18","60 min","Crime, Drama, Thriller","8.5","344,631"
"39.","Lost in Space","12","60 min","Adventure, Drama, Family","7.3","105,388"
"40.","Baby","15","50 min","Drama","6.8","13,083"
"41.","Unbreakable Kimmy Schmidt","12","30 min","Comedy","7.6","78,450"
"42.","Everything Sucks!","15","30 min","Comedy, Drama","7.4","23,120"
"43.","Cable Girls","15","50 min","Drama","7.5","16,087"
"44.","The Last Kingdom","18","60 min","Action, Drama, History","8.5","164,641"
"45.","The Society","15","58 min","Drama, Mystery, Sci-Fi","7.1","36,504"
"46.","Maniac","18","386 min","Comedy, Drama, Sci-Fi","7.7","86,275"
"47.","Gilmore Girls: A Year in the Life","12","370 min","Comedy, Drama","7.5","44,543"
"48.","Russian Doll","18","30 min","Comedy, Drama, Mystery","7.7","106,602"
"49.","Castlevania","15","23 min","Animation, Action, Adventure","8.3","79,792"
"50.","On My Block","15","30 min","Comedy, Drama","7.8","19,427"
"51.","Marco Polo","15","60 min","Action, Adventure, Drama","8","78,306"
"52.","Grace and Frankie","15","30 min","Comedy","8.2","56,789"
"53.","Love, Death & Robots","18","15 min","Animation, Short, Action","8.4","195,422"
"54.","Dear White People","15","30 min","Comedy, Drama","6.4","26,364"
"55.","Safe","15","356 min","Crime, Drama, Mystery","7.2","51,704"
"56.","Greenhouse Academy","PG","25 min","Adventure, Comedy, Drama","6.6","6,921"
"57.","RuPaul's Drag Race","15","63 min","Game-Show, Reality-TV","8.5","23,189"
"58.","The Order","15","60 min","Drama, Fantasy, Horror","6.7","33,053"
"59.","Fuller House","PG","30 min","Comedy, Drama, Family","6.7","29,332"
"60.","Travelers","15","45 min","Drama, Mystery, Sci-Fi","8","63,928"
"61.","Master of None","15","30 min","Comedy, Drama","8.2","76,143"
"62.","Love","15","50 min","Comedy, Drama, Romance","7.6","45,854"
"63.","Narcos: Mexico","15","60 min","Crime, Drama","8.4","92,447"
"64.","The Hookup Plan","15","27 min","Comedy, Romance","7.1","5,910"
"65.","One Day at a Time","15","30 min","Comedy, Drama","8.2","18,238"
"66.","Between","15","60 min","Drama, Mystery, Sci-Fi","5.9","9,906"
"67.","GLOW","18","35 min","Comedy, Drama, Sport","8","50,376"
"68.","Making a Murderer","15","60 min","Documentary, Crime","8.5","102,505"
"69.","Gypsy","15","51 min","Drama, Thriller","6.7","18,683"
"70.","The Get Down","15","52 min","Drama, Music, Musical","8.2","23,633"
"71.","The Protector","15","45 min","Action, Adventure, Drama","6.4","36,866"
"72.","Friends from College","18","30 min","Comedy, Drama","6.9","23,324"
"73.","Arrested Development","15","22 min","Comedy","8.7","323,189"
"74.","Hemlock Grove","15","46 min","Drama, Fantasy, Horror","7","42,524"
"75.","Slasher","18","60 min","Crime, Drama, Horror","6.7","16,830"
"76.","F Is for Family","15","30 min","Animation, Comedy, Drama","8","41,074"
"77.","The Ranch","15","30 min","Comedy, Drama, Western","7.5","42,401"
"78.","American Vandal","15","34 min","Comedy, Crime, Drama","8.1","32,985"
"79.","Dead to Me","15","30 min","Comedy, Crime, Drama","7.9","99,440"
"80.","Quicksand","18","45 min","Crime, Drama, Mystery","7.4","25,507"